{
  "site_readings":[
    {
      "site_id":"12513",
      "reading_type":"humidity",
      "reading_id":"48934j",
      "reading_value": 84,
      "reading_date": 1515354694451
    },
    {
      "site_id":"15566",
      "reading_type":"particulate",
      "reading_id":"1adf4",
      "reading_value":354,
      "reading_date": 1515354694451
    },
    {
      "site_id":"15566",
      "reading_type":"temp",
      "reading_id":"1a545",
      "reading_value": 20.6,
      "reading_date": 1515354694451
    },
    {
      "site_id":"336558",
      "reading_type":"bar_press",
      "reading_id":"85545",
      "reading_value": 760,
      "reading_date": 1515354694451
    }
  ]
}